[
    {
        "word": "experience",
        "info": "待查詢: 請在跟讀模式下點擊單字查詢定義",
        "error_count": 0,
        "pronunciation_errors": 3
    },
    {
        "word": "guitar",
        "info": "待查詢: 請在跟讀模式下點擊單字查詢定義",
        "error_count": 0,
        "pronunciation_errors": 2
    },
    {
        "word": "important",
        "info": "待查詢: 請在跟讀模式下點擊單字查詢定義",
        "error_count": 0,
        "pronunciation_errors": 1
    },
    {
        "word": "low",
        "info": "待查詢: 請在跟讀模式下點擊單字查詢定義",
        "error_count": 0,
        "pronunciation_errors": 1
    },
    {
        "word": "meat",
        "info": "待查詢: 請在跟讀模式下點擊單字查詢定義",
        "error_count": 0,
        "pronunciation_errors": 3
    },
    {
        "word": "own",
        "info": "待查詢: 請在跟讀模式下點擊單字查詢定義",
        "error_count": 0,
        "pronunciation_errors": 5
    }
]